{"dist_entropy":0.5725013732910156,"_runtime":16466.890177808,"ratio":1.0005388259887695,"_wandb":{"runtime":16466},"eval_win_rate":0.4411764705882353,"policy_loss":-0.004134982713367208,"_step":9987200,"decoder_grad_norm":0.054611802101135254,"average_step_rewards":0.4818972647190094,"encoder_grad_norm":0.2359524816274643,"dead_ratio":0.2267945544554455,"_timestamp":1.7314616428893514e+09,"value_loss":0.06959836035966874,"incre_win_rate":0}