{"_timestamp":1.7315006442916517e+09,"ratio":0.9991645812988281,"policy_loss":-0.004676174708606595,"_runtime":13418.380194327,"_step":9987200,"average_step_rewards":0.24019363522529602,"encoder_grad_norm":0.2251702845096588,"eval_win_rate":0.42424242424242425,"decoder_grad_norm":0.07439640909433365,"dist_entropy":0.42243034243583677,"_wandb":{"runtime":13418},"value_loss":0.0324327290058136,"dead_ratio":0.30006188118811883}