{"_runtime":14048.062053123,"_wandb":{"runtime":14048},"_step":9987200,"encoder_grad_norm":0.1766018122434616,"dead_ratio":0.25977722772277223,"decoder_grad_norm":0.07130017131567001,"policy_loss":-0.0034122882534575183,"dist_entropy":0.7297423362731934,"ratio":1.000162959098816,"_timestamp":1.7315164464029176e+09,"value_loss":0.04691369533538818,"eval_win_rate":0.6363636363636364,"average_step_rewards":0.26894983649253845}