{"_step":9987200,"policy_loss":-0.00125305705104779,"ratio":0.999991238117218,"eval_win_rate":0.3939393939393939,"_timestamp":1.7313788681250777e+09,"dead_ratio":0.26477556109725686,"_runtime":25081.712260037,"incre_win_rate":0.48,"critic_grad_norm":0.28978973627090454,"average_step_rewards":0.4442192018032074,"value_loss":0.09880235493183136,"dist_entropy":0.39383816719055176,"actor_grad_norm":0.10804788023233414,"_wandb":{"runtime":25081}}