{"dist_entropy":0.4686453819274902,"policy_loss":-0.0014949970980865147,"dead_ratio":0.24339152119700747,"_timestamp":1.7314416478098242e+09,"_runtime":24517.914543206,"actor_grad_norm":0.08946845680475235,"_wandb":{"runtime":24517},"value_loss":0.04510873407125473,"ratio":1.000009536743164,"average_step_rewards":0.28769946098327637,"eval_win_rate":0.7272727272727273,"critic_grad_norm":0.20054952800273895,"incre_win_rate":0,"_step":9987200}