{"_runtime":21264.045895893,"eval_win_rate":0.696969696969697,"value_loss":0.05577565357089043,"_timestamp":1.7315413490363476e+09,"actor_grad_norm":0.10390132665634155,"dead_ratio":0.23004987531172072,"_step":9987200,"_wandb":{"runtime":21264},"ratio":0.9999564290046692,"dist_entropy":0.5401293277740479,"policy_loss":-0.0012564238674258378,"critic_grad_norm":0.19601956009864807,"average_step_rewards":0.3379347622394562}