{"_step":9987200,"_timestamp":1.7315798729612617e+09,"dead_ratio":0.3162718204488778,"eval_win_rate":0.47058823529411764,"actor_grad_norm":0.07994697988033295,"policy_loss":-0.0009941795211489079,"_runtime":22202.988264228,"_wandb":{"runtime":22202},"ratio":0.9997563362121582,"dist_entropy":0.3077306807041168,"value_loss":0.031361376866698265,"average_step_rewards":0.2701316773891449,"critic_grad_norm":0.08759535849094391}