{"value_loss":0.038993193209171294,"_step":9987200,"dist_entropy":0.2986640691757202,"_runtime":18964.874750921,"eval_win_rate":0.48484848484848486,"_timestamp":1.7313418780316148e+09,"policy_loss":-0.0009610924674234411,"incre_win_rate":0.5161290322580645,"dead_ratio":0.2903990024937656,"critic_grad_norm":0.1269124299287796,"ratio":0.9996010661125183,"actor_grad_norm":0.09780538082122803,"_wandb":{"runtime":18964},"average_step_rewards":0.2619391977787018}