{"average_step_rewards":0.3118263781070709,"policy_loss":-0.002163587415611801,"_timestamp":1.731465885600442e+09,"ratio":0.9999839067459106,"incre_win_rate":0,"actor_grad_norm":0.15438896417617798,"value_loss":0.05272905677556992,"dist_entropy":0.48692970871925356,"dead_ratio":0.261284289276808,"_step":9987200,"critic_grad_norm":0.15318964421749115,"_runtime":24227.233909934,"eval_win_rate":0.6176470588235294,"_wandb":{"runtime":24227}}