{"policy_loss":-0.0012582452837818891,"eval_win_rate":0.5,"_wandb":{"runtime":21230},"_timestamp":1.7315200753223715e+09,"critic_grad_norm":0.3222765028476715,"dist_entropy":0.5733410358428955,"_step":9987200,"value_loss":0.05104840323328972,"ratio":0.9997202157974243,"actor_grad_norm":0.08263777196407318,"dead_ratio":0.24102244389027427,"_runtime":21230.172166911,"average_step_rewards":0.2600767910480499}