{"policy_loss":0.02161442078649998,"eval_win_rate":0.18181818181818182,"_runtime":14155.685334461,"value_loss":0.5271281361579895,"dead_ratio":0.30383663366336633,"dist_entropy":0.49913840293884276,"ratio":1.0006147623062134,"_step":9987200,"_timestamp":1.7315016752514074e+09,"encoder_grad_norm":0.14267048239707947,"average_step_rewards":0.25444939732551575,"decoder_grad_norm":0.09808563441038132,"_wandb":{"runtime":14155}}