{"average_step_rewards":0.5159671902656555,"value_loss":0.07687639147043228,"dist_entropy":0.403778201341629,"incre_win_rate":0,"ratio":0.9998287558555603,"actor_grad_norm":0.14057092368602753,"eval_win_rate":0.5151515151515151,"dead_ratio":0.24351620947630925,"critic_grad_norm":0.15164940059185028,"_step":9987200,"policy_loss":-0.0014928946517557052,"_wandb":{"runtime":25635},"_runtime":25635.011003593,"_timestamp":1.7314684784065092e+09}