{"critic_grad_norm":0.22427748143672943,"ratio":0.9999540448188782,"value_loss":0.062150373309850696,"average_step_rewards":0.3247535526752472,"_timestamp":1.731373799901466e+09,"dead_ratio":0.24569825436408976,"_wandb":{"runtime":20652},"dist_entropy":0.4753310143947601,"eval_win_rate":0.6363636363636364,"_step":9987200,"actor_grad_norm":0.08836992084980011,"policy_loss":-0.001258332392444572,"_runtime":20652.00311872,"incre_win_rate":0.564179104477612}