{"dist_entropy":0.5226539134979248,"_runtime":24226.578710487,"policy_loss":-0.001568809957848316,"critic_grad_norm":0.20963060855865479,"_wandb":{"runtime":24226},"dead_ratio":0.26178304239401495,"value_loss":0.05455932766199112,"ratio":0.9999231696128845,"_step":9987200,"actor_grad_norm":0.10494911670684814,"average_step_rewards":0.3112858533859253,"eval_win_rate":0.6060606060606061,"_timestamp":1.73156558130877e+09}