{"critic_grad_norm":0.14498870074748993,"_runtime":22197.318400328,"dist_entropy":0.40305119156837466,"eval_win_rate":0.42424242424242425,"value_loss":0.03246061950922012,"policy_loss":-0.0012114007001628123,"_timestamp":1.7315354596504807e+09,"_step":9987200,"actor_grad_norm":0.10945688933134079,"ratio":1.000270962715149,"dead_ratio":0.33279301745635914,"_wandb":{"runtime":22197},"average_step_rewards":0.2565006613731384}