{"value_loss":0.036644093692302704,"decoder_grad_norm":0.07614851742982864,"_step":9987200,"eval_win_rate":0.48484848484848486,"encoder_grad_norm":0.22810931503772736,"average_step_rewards":0.26217663288116455,"_timestamp":1.7315424782698343e+09,"policy_loss":-0.003714739468796324,"dead_ratio":0.3168316831683168,"dist_entropy":0.4241612792015076,"_wandb":{"runtime":14531},"ratio":0.9995923042297363,"_runtime":14531.607685238}