{"_runtime":27604.164143416,"actor_grad_norm":0.07595130056142807,"_timestamp":1.7313744950596466e+09,"incre_win_rate":0.06870229007633588,"dead_ratio":0.35561097256857854,"policy_loss":-0.0014225360918544538,"_wandb":{"runtime":27604},"average_step_rewards":0.2075602412223816,"ratio":0.9998783469200134,"eval_win_rate":0.2727272727272727,"value_loss":0.019209327921271325,"critic_grad_norm":0.10740555822849274,"dist_entropy":0.913228976726532,"_step":9987200}