{"value_loss":0.03211571536958217,"encoder_grad_norm":0.24238185584545135,"_step":9987200,"dist_entropy":0.3918341875076294,"dead_ratio":0.2949876237623762,"ratio":0.999241054058075,"_runtime":12695.86341585,"_wandb":{"runtime":12695},"policy_loss":-0.003439415702519,"_timestamp":1.7315133519047868e+09,"average_step_rewards":0.2452557533979416,"decoder_grad_norm":0.08096916228532791,"eval_win_rate":0.48484848484848486}