{"_step":9987200,"_wandb":{"runtime":19640},"ratio":0.9999825358390808,"dead_ratio":0.3294887780548629,"_runtime":19640.095990927,"average_step_rewards":0.24695004522800446,"critic_grad_norm":0.09770756214857101,"_timestamp":1.7314933990987372e+09,"policy_loss":-0.0012010130433523613,"actor_grad_norm":0.08729680627584457,"dist_entropy":0.36390891671180725,"value_loss":0.03377858772873878,"eval_win_rate":0.42424242424242425}