{"value_loss":0.02873665578663349,"_step":9987200,"actor_grad_norm":0.11725275963544846,"eval_win_rate":0.5757575757575758,"dist_entropy":0.369437038898468,"average_step_rewards":0.24482311308383942,"policy_loss":-0.0013333358101135673,"ratio":0.9999029040336609,"_wandb":{"runtime":20478},"_runtime":20478.118788002,"incre_win_rate":0,"dead_ratio":0.33503740648379055,"_timestamp":1.731457144387036e+09,"critic_grad_norm":0.10134923458099365}