{"average_step_rewards":0.2532288432121277,"_step":9987200,"policy_loss":-0.0012975269614514673,"actor_grad_norm":0.11405885219573975,"dist_entropy":0.31202704310417173,"incre_win_rate":0.4765625,"_timestamp":1.7313717824395032e+09,"ratio":1.0006262063980103,"_runtime":19351.499264129,"dead_ratio":0.3477556109725686,"critic_grad_norm":0.15202973783016205,"_wandb":{"runtime":19351},"value_loss":0.03746885657310486,"eval_win_rate":0.4117647058823529}