{"_step":9987200,"policy_loss":-0.0008709702633495908,"_runtime":22196.422022506,"value_loss":0.03749396502971649,"critic_grad_norm":0.1373005360364914,"eval_win_rate":0.5757575757575758,"actor_grad_norm":0.1351831555366516,"dead_ratio":0.31745635910224435,"ratio":0.9995716214179993,"_timestamp":1.7315576658645866e+09,"dist_entropy":0.3752894580364227,"average_step_rewards":0.25258076190948486,"_wandb":{"runtime":22196}}