{"critic_grad_norm":0.22441695630550385,"dead_ratio":0.24170822942643388,"value_loss":0.07651629745960235,"_runtime":29155.975688237,"_wandb":{"runtime":29155},"actor_grad_norm":0.16308295726776123,"dist_entropy":0.43484631180763245,"_step":9987200,"_timestamp":1.731504332614946e+09,"eval_win_rate":0.45454545454545453,"average_step_rewards":0.5292564630508423,"ratio":0.9999529719352722,"policy_loss":-0.0015448335836538262}