{"eval_win_rate":0.5151515151515151,"critic_grad_norm":0.2134174406528473,"incre_win_rate":0,"dist_entropy":0.3742132067680359,"average_step_rewards":0.5025902390480042,"actor_grad_norm":0.12707971036434174,"policy_loss":-0.0014019675634244777,"_wandb":{"runtime":25700},"_runtime":25700.780427444,"ratio":0.9999502301216125,"_timestamp":1.731442834455128e+09,"dead_ratio":0.2729426433915212,"_step":9987200,"value_loss":0.09213970303535461}