{"value_loss":0.03484445139765739,"dist_entropy":1.069812536239624,"_runtime":26802.170766664,"policy_loss":-0.0010833051330791932,"eval_win_rate":0.6060606060606061,"ratio":0.999931812286377,"_step":9987200,"actor_grad_norm":0.06854893267154694,"average_step_rewards":0.27413782477378845,"incre_win_rate":0.5629370629370629,"_timestamp":1.731386558657151e+09,"dead_ratio":0.2963216957605985,"_wandb":{"runtime":26802},"critic_grad_norm":0.11263306438922882}