{"_timestamp":1.7315132547688463e+09,"policy_loss":-0.0009678758879942961,"dead_ratio":0.31571072319202,"_wandb":{"runtime":19845},"value_loss":0.03363042995333672,"ratio":0.9999184608459473,"critic_grad_norm":0.18370021879673004,"actor_grad_norm":0.10434984415769577,"eval_win_rate":0.5,"_step":9987200,"average_step_rewards":0.25716283917427063,"_runtime":19845.908380142,"dist_entropy":0.3514718472957611}