{"eval_win_rate":0.3939393939393939,"decoder_grad_norm":0.08642999082803726,"_timestamp":1.7315090385264688e+09,"value_loss":0.07258398085832596,"ratio":0.9999185800552368,"dist_entropy":0.47499545812606814,"average_step_rewards":0.4775307774543762,"_runtime":17883.686982355,"policy_loss":-0.0040397586522885835,"encoder_grad_norm":0.237457275390625,"_step":9987200,"dead_ratio":0.2410272277227723,"_wandb":{"runtime":17883}}