{"incre_win_rate":0.42483660130718953,"_timestamp":1.7313531196897967e+09,"actor_grad_norm":0.05799127370119095,"dist_entropy":0.6514061212539672,"ratio":1.000047206878662,"_step":9987200,"average_step_rewards":0.4689628779888153,"eval_win_rate":0.5151515151515151,"policy_loss":-0.0009701067936475738,"_runtime":30215.289204743,"_wandb":{"runtime":30215},"critic_grad_norm":0.1590845137834549,"dead_ratio":0.33329177057356607,"value_loss":0.05130638629198074}