{"decoder_grad_norm":0.07370170205831528,"dead_ratio":0.2362623762376238,"_wandb":{"runtime":13779},"_step":9987200,"average_step_rewards":0.28359201550483704,"dist_entropy":0.6335724830627442,"value_loss":0.051722221076488495,"incre_win_rate":0,"eval_win_rate":0.7222222222222222,"_runtime":13779.320035504,"encoder_grad_norm":0.2091348022222519,"policy_loss":-0.003990308125975161,"_timestamp":1.7314427113532665e+09,"ratio":0.9997929930686951}