{"ratio":1.0002080202102661,"_runtime":16104.046969096,"_wandb":{"runtime":16104},"value_loss":0.07070508748292922,"dist_entropy":0.41504698395729067,"policy_loss":-0.00470107329076086,"dead_ratio":0.24597772277227725,"decoder_grad_norm":0.13581661880016327,"_step":9987200,"encoder_grad_norm":0.2706298828125,"_timestamp":1.7315607057340128e+09,"average_step_rewards":0.47982701659202576,"eval_win_rate":0.5454545454545454}