{"_step":9987200,"_wandb":{"runtime":25439},"dist_entropy":0.42815210223197936,"_timestamp":1.731529808123481e+09,"eval_win_rate":0.45454545454545453,"critic_grad_norm":0.19405367970466614,"policy_loss":-0.0012194527365238627,"actor_grad_norm":0.09677598625421524,"ratio":0.9995908141136169,"value_loss":0.0810560405254364,"dead_ratio":0.23036159600997508,"_runtime":25439.138705698,"average_step_rewards":0.48726600408554077}