{"eval_win_rate":0.5882352941176471,"_timestamp":1.731530636419464e+09,"dead_ratio":0.23162128712871288,"decoder_grad_norm":0.08571990579366684,"ratio":1.0000059604644775,"_wandb":{"runtime":14179},"_step":9987200,"policy_loss":-0.004223607233234361,"_runtime":14179.585510259,"encoder_grad_norm":0.2047644853591919,"value_loss":0.05134284123778343,"dist_entropy":0.7650898933410645,"average_step_rewards":0.2928563356399536}