{"dist_entropy":0.5198903322219849,"encoder_grad_norm":0.2682071626186371,"value_loss":0.07130062282085418,"_wandb":{"runtime":16240},"ratio":1.000328779220581,"average_step_rewards":0.49507245421409607,"decoder_grad_norm":0.09768080711364746,"policy_loss":-0.0035868066215783757,"eval_win_rate":0.38235294117647056,"dead_ratio":0.21095297029702975,"_runtime":16240.295717743,"_step":9987200,"_timestamp":1.7314451662660646e+09,"incre_win_rate":0}