{"_timestamp":1.7313959670861351e+09,"policy_loss":-0.0010385959264681333,"_step":9987200,"eval_win_rate":0.696969696969697,"_wandb":{"runtime":20734},"incre_win_rate":0.6186186186186187,"value_loss":0.04952171295881271,"_runtime":20734.851976003,"critic_grad_norm":0.21984820067882538,"dead_ratio":0.2673940149625935,"actor_grad_norm":0.09009107202291489,"dist_entropy":0.5264550685882569,"ratio":1.0000361204147339,"average_step_rewards":0.3217679560184479}