{"dead_ratio":0.37306733167082295,"actor_grad_norm":0.057638075202703476,"ratio":0.9998523592948914,"_runtime":27351.955729041,"critic_grad_norm":0.13526825606822968,"_step":9987200,"_wandb":{"runtime":27351},"dist_entropy":0.9566455721855164,"eval_win_rate":0.15151515151515152,"average_step_rewards":0.1954316347837448,"incre_win_rate":0.07392996108949416,"value_loss":0.02164459675550461,"policy_loss":-0.0008163275145193438,"_timestamp":1.7314062269431043e+09}