{"ratio":0.9998856782913208,"incre_win_rate":0.3164983164983165,"actor_grad_norm":0.05980377271771431,"_timestamp":1.7313752120224402e+09,"dist_entropy":1.0396947145462037,"_step":9987200,"dead_ratio":0.35180798004987535,"critic_grad_norm":0.13275067508220673,"_runtime":27923.286658796,"_wandb":{"runtime":27923},"eval_win_rate":0.2727272727272727,"average_step_rewards":0.25266245007514954,"policy_loss":-0.0008245863722095237,"value_loss":0.05354376509785652}