{"average_step_rewards":0.2542494833469391,"actor_grad_norm":0.10148616880178452,"_step":9987200,"critic_grad_norm":0.09245860576629639,"incre_win_rate":0,"_timestamp":1.7314366568061843e+09,"dead_ratio":0.3001246882793017,"ratio":0.9996377825737,"_wandb":{"runtime":19517},"_runtime":19517.307045307,"value_loss":0.02964093126356602,"dist_entropy":0.3280040144920349,"policy_loss":-0.0011183966164054482,"eval_win_rate":0.5151515151515151}