{"_timestamp":1.7314019522967334e+09,"actor_grad_norm":0.07987776398658752,"_wandb":{"runtime":30172},"dead_ratio":0.3111596009975063,"ratio":0.9999207854270935,"critic_grad_norm":0.15376146137714386,"value_loss":0.04718185737729073,"policy_loss":-0.000794211354377694,"average_step_rewards":0.43729156255722046,"incre_win_rate":0.4057017543859649,"_step":9987200,"dist_entropy":0.5890045523643493,"eval_win_rate":0.42424242424242425,"_runtime":30172.112957828}