{"_step":9987200,"dead_ratio":0.22283415841584153,"policy_loss":-0.0019203703162020247,"_runtime":16763.32800115,"_wandb":{"runtime":16763},"_timestamp":1.7314911430899107e+09,"decoder_grad_norm":0.26422592997550964,"average_step_rewards":0.536068856716156,"dist_entropy":0.46795188784599306,"eval_win_rate":0.45454545454545453,"value_loss":0.06291066706180573,"ratio":0.9996428489685059,"encoder_grad_norm":0.3472742736339569}