{"policy_loss":-0.000871096499554369,"incre_win_rate":0.2575107296137339,"_wandb":{"runtime":31069},"dead_ratio":0.37936408977556113,"_step":9987200,"actor_grad_norm":0.06582272052764893,"ratio":0.9999861121177673,"_timestamp":1.731404869210398e+09,"_runtime":31069.471476166,"critic_grad_norm":0.13606825470924377,"dist_entropy":0.6310619711875916,"average_step_rewards":0.3955691456794739,"value_loss":0.044747717678546906,"eval_win_rate":0.2727272727272727}