{"dead_ratio":0.23743811881188115,"value_loss":0.07023530155420303,"_timestamp":1.731526731177607e+09,"_step":9987200,"eval_win_rate":0.48484848484848486,"ratio":1.0001636743545532,"encoder_grad_norm":0.25724154710769653,"_runtime":17680.795142898,"_wandb":{"runtime":17680},"dist_entropy":0.4778536379337311,"policy_loss":-0.004937068358140095,"decoder_grad_norm":0.08564578741788864,"average_step_rewards":0.5318152904510498}