{"_wandb":{"runtime":26611},"ratio":1.0001238584518433,"_timestamp":1.7313508443702016e+09,"policy_loss":-0.0008585059429456976,"_step":9987200,"average_step_rewards":0.2786499857902527,"dist_entropy":1.0517825841903687,"value_loss":0.03002535067498684,"actor_grad_norm":0.053725432604551315,"eval_win_rate":0.5151515151515151,"_runtime":26611.695601508,"incre_win_rate":0.5664335664335665,"critic_grad_norm":0.20146146416664124,"dead_ratio":0.2920199501246883}