{"_runtime":14574.188782997,"value_loss":0.037857186794281,"encoder_grad_norm":0.23177428543567657,"_step":9987200,"average_step_rewards":0.21130792796611786,"dead_ratio":0.30327970297029705,"_wandb":{"runtime":14574},"eval_win_rate":0.5151515151515151,"dist_entropy":0.48558290004730226,"policy_loss":-0.004841052396841405,"_timestamp":1.7315279334678268e+09,"ratio":0.9990865588188171,"decoder_grad_norm":0.07624676078557968}