{"encoder_grad_norm":0.2284054309129715,"average_step_rewards":0.4780067503452301,"value_loss":0.06898512244224549,"dead_ratio":0.22233910891089104,"eval_win_rate":0.3939393939393939,"_step":9987200,"_timestamp":1.7315445904311855e+09,"_runtime":17847.986928544,"policy_loss":-0.003983024656827183,"dist_entropy":0.5374330520629883,"ratio":0.9997950792312622,"decoder_grad_norm":0.0681348666548729,"_wandb":{"runtime":17847}}