{"critic_grad_norm":0.2199057638645172,"policy_loss":-0.0012458014426101726,"ratio":0.9997410178184509,"value_loss":0.030995774641633035,"dist_entropy":0.31758955121040344,"incre_win_rate":0.5098039215686274,"_runtime":19457.507208053,"eval_win_rate":0.696969696969697,"_wandb":{"runtime":19457},"_timestamp":1.7313939786414547e+09,"actor_grad_norm":0.08997523784637451,"_step":9987200,"dead_ratio":0.30972568578553616,"average_step_rewards":0.26222553849220276}