{"_step":9987200,"_runtime":16109.057150729,"eval_win_rate":0.30303030303030304,"average_step_rewards":0.24093225598335266,"_timestamp":1.7314447693813195e+09,"ratio":0.9998047947883606,"dead_ratio":0.27524752475247527,"value_loss":0.08994524031877518,"dist_entropy":0.8762823104858398,"decoder_grad_norm":0.17065919935703278,"encoder_grad_norm":0.3440597355365753,"_wandb":{"runtime":16109},"incre_win_rate":0,"policy_loss":-0.00037268909641454686}