{"eval_win_rate":0.4857142857142857,"_wandb":{"runtime":31464},"_runtime":31464.432322706,"policy_loss":-0.0008741353299285493,"_step":9987200,"dist_entropy":0.5656641125679016,"_timestamp":1.731359735328245e+09,"critic_grad_norm":0.13021443784236908,"average_step_rewards":0.43204987049102783,"ratio":0.9998540282249451,"incre_win_rate":0.3020833333333333,"value_loss":0.05231393501162529,"dead_ratio":0.3292394014962593,"actor_grad_norm":0.08680672943592072}