{"policy_loss":-0.0013692587501736853,"actor_grad_norm":0.17312395572662354,"incre_win_rate":0.46983546617915906,"_runtime":24934.980408724,"dist_entropy":0.44001302123069763,"_timestamp":1.731347842755291e+09,"value_loss":0.08846686035394669,"critic_grad_norm":0.1962689608335495,"_wandb":{"runtime":24934},"eval_win_rate":0.45454545454545453,"ratio":0.9994664192199707,"average_step_rewards":0.49920031428337097,"_step":9987200,"dead_ratio":0.24145885286783042}