{"_wandb":{"runtime":23972},"dead_ratio":0.2538653366583541,"incre_win_rate":0.562874251497006,"critic_grad_norm":0.19057977199554443,"eval_win_rate":0.7575757575757576,"value_loss":0.051196368783712386,"_runtime":23972.508577778,"ratio":0.9999632239341736,"average_step_rewards":0.2862093150615692,"dist_entropy":0.6527179598808288,"_step":9987200,"actor_grad_norm":0.10459565371274948,"_timestamp":1.7313468829321387e+09,"policy_loss":-0.0017026404281978102}