{"policy_loss":-0.0015673124684781215,"ratio":0.999494731426239,"_timestamp":1.7314981641613643e+09,"dead_ratio":0.22144638403990025,"dist_entropy":0.5332775354385376,"critic_grad_norm":0.2957440912723541,"_wandb":{"runtime":24445},"_runtime":24445.527201252,"eval_win_rate":0.6176470588235294,"average_step_rewards":0.33929741382598877,"value_loss":0.05888955816626549,"_step":9987200,"actor_grad_norm":0.12397780269384384}