{"ratio":0.9998062252998352,"_wandb":{"runtime":13768},"_timestamp":1.7314875081452432e+09,"average_step_rewards":0.30881303548812866,"value_loss":0.042932760715484616,"dead_ratio":0.23378712871287133,"policy_loss":-0.003581474194288603,"decoder_grad_norm":0.10175693035125732,"_runtime":13768.413994057,"dist_entropy":0.710363245010376,"encoder_grad_norm":0.1833304613828659,"eval_win_rate":0.6666666666666666,"_step":9987200}